{
    "Name": "Mod Settings",
    "Version": "1.0.0",
    "Description": "pain",
    "LoadPriority": 2,
    "Scripts": [
        {
            "Path": "ui/menu_mod_settings.nut",
            "RunOn": "UI",
            "UICallback": {
                "Before": "AddModSettingsMenu"
            }
        },
        {
            "Path": "ui/menu_roguelike.nut",
            "RunOn": "UI"
        },
        {
            "Path": "ui/menu_mod_settings_menu.nut",
            "RunOn": "UI"
        }
    ]
}